{
    "configItem":[{
        "name":"v2ex",
        "urls":["v2ex.com","v2ex.com/?tab.*","v2ex.com/go/.*"],
        "keys":[{
            "name":"author",
            "showName":"V2EX作者是",
            "type":"is",
            "path":["div.cell@strong#0"]
        },{
            "name":"title",
            "showName":"V2EX标题包含",
            "type":"contain",
            "path":["div.cell@span.item_title@a"]
        }]
    },{
        "name":"weibo",
        "urls":["weibo.com/.*"],
        "keys":[{
            "name":"author",
            "showName":"微博作者是",
            "type":"is",
            "path":["div[action-type='feed_list_item']@div.WB_info@a"]
        },{
            "name":"content",
            "showName":"微博内容包含",
            "type":"contain",
            "path":["div[action-type='feed_list_item']@div[node-type='feed_list_content']"]
        }]
    },{
        "name":"taobao",
        "urls":["s.taobao.com/search.*"],
        "keys":[{
            "name":"taobao_item",
            "showName":"淘宝商品标题包含",
            "type":"contain",
            "path":["div.item@div.title","div.item@h4"]
        }]
    },{
        "name":"jd",
        "urls":["search.jd.com/Search.*"],
        "keys":[{
            "name":"jd_item",
            "showName":"京东商品标题包含",
            "type":"contain",
            "path":["li.gl-item@div.p-name"]
        }]
    },{
        "name":"zhihu",
        "urls":["www.zhihu.com/*"],
        "keys":[{
            "name":"zhihu_feed_title",
            "showName":"知乎Feed标题包含",
            "type":"contain",
            "path":["div.Feed@h2.ContentItem-title"]
        }]
    }]
}